"ITTER107","Territorio","TIPO_DATO15","Tipo dato","ETA1_A","Età","SEXISTAT1","Sesso","CAUSEMORTE_SL","Causa iniziale di morte - European Short List","TIME","Seleziona periodo","Value","Flag Codes","Flags"
"IT","Italia","DEATH","morti","Y40-44","40-44 anni","9","totale","1","alcune malattie infettive e parassitarie","2005","2005",416,,
"IT","Italia","DEATH","morti","Y40-44","40-44 anni","9","totale","1","alcune malattie infettive e parassitarie","2006","2006",369,,
"IT","Italia","DEATH","morti","Y40-44","40-44 anni","9","totale","1","alcune malattie infettive e parassitarie","2007","2007",390,,
"IT","Italia","DEATH","morti","Y40-44","40-44 anni","9","totale","1","alcune malattie infettive e parassitarie","2008","2008",321,,
"IT","Italia","DEATH","morti","Y40-44","40-44 anni","9","totale","1","alcune malattie infettive e parassitarie","2009","2009",263,,
"IT","Italia","DEATH","morti","Y40-44","40-44 anni","9","totale","1","alcune malattie infettive e parassitarie","2010","2010",217,,
"IT","Italia","DEATH","morti","Y40-44","40-44 anni","9","totale","1","alcune malattie infettive e parassitarie","2011","2011",221,,
"IT","Italia","DEATH","morti","Y40-44","40-44 anni","9","totale","1","alcune malattie infettive e parassitarie","2012","2012",206,,
"IT","Italia","DEATH","morti","Y40-44","40-44 anni","9","totale","1","alcune malattie infettive e parassitarie","2013","2013",199,,
"IT","Italia","DEATH","morti","Y40-44","40-44 anni","9","totale","1","alcune malattie infettive e parassitarie","2014","2014",140,,
"IT","Italia","DEATH","morti","Y40-44","40-44 anni","9","totale","1","alcune malattie infettive e parassitarie","2015","2015",147,,
"IT","Italia","DEATH","morti","Y40-44","40-44 anni","9","totale","1","alcune malattie infettive e parassitarie","2016","2016",107,,
"IT","Italia","DEATH","morti","Y40-44","40-44 anni","9","totale","1","alcune malattie infettive e parassitarie","2017","2017",126,,
"IT","Italia","DEATH","morti","Y40-44","40-44 anni","9","totale","1","alcune malattie infettive e parassitarie","2018","2018",95,,
"IT","Italia","DEATH","morti","Y40-44","40-44 anni","9","totale","1","alcune malattie infettive e parassitarie","2019","2019",100,,
"IT","Italia","DEATH","morti","Y50-54","50-54 anni","9","totale","1","alcune malattie infettive e parassitarie","2005","2005",189,,
"IT","Italia","DEATH","morti","Y50-54","50-54 anni","9","totale","1","alcune malattie infettive e parassitarie","2006","2006",254,,
"IT","Italia","DEATH","morti","Y50-54","50-54 anni","9","totale","1","alcune malattie infettive e parassitarie","2007","2007",272,,
"IT","Italia","DEATH","morti","Y50-54","50-54 anni","9","totale","1","alcune malattie infettive e parassitarie","2008","2008",302,,
"IT","Italia","DEATH","morti","Y50-54","50-54 anni","9","totale","1","alcune malattie infettive e parassitarie","2009","2009",289,,
"IT","Italia","DEATH","morti","Y50-54","50-54 anni","9","totale","1","alcune malattie infettive e parassitarie","2010","2010",295,,
"IT","Italia","DEATH","morti","Y50-54","50-54 anni","9","totale","1","alcune malattie infettive e parassitarie","2011","2011",388,,
"IT","Italia","DEATH","morti","Y50-54","50-54 anni","9","totale","1","alcune malattie infettive e parassitarie","2012","2012",418,,
"IT","Italia","DEATH","morti","Y50-54","50-54 anni","9","totale","1","alcune malattie infettive e parassitarie","2013","2013",402,,
"IT","Italia","DEATH","morti","Y50-54","50-54 anni","9","totale","1","alcune malattie infettive e parassitarie","2014","2014",443,,
"IT","Italia","DEATH","morti","Y50-54","50-54 anni","9","totale","1","alcune malattie infettive e parassitarie","2015","2015",447,,
"IT","Italia","DEATH","morti","Y50-54","50-54 anni","9","totale","1","alcune malattie infettive e parassitarie","2016","2016",356,,
"IT","Italia","DEATH","morti","Y50-54","50-54 anni","9","totale","1","alcune malattie infettive e parassitarie","2017","2017",338,,
"IT","Italia","DEATH","morti","Y50-54","50-54 anni","9","totale","1","alcune malattie infettive e parassitarie","2018","2018",316,,
"IT","Italia","DEATH","morti","Y50-54","50-54 anni","9","totale","1","alcune malattie infettive e parassitarie","2019","2019",261,,
"IT","Italia","DEATH","morti","Y40-44","40-44 anni","9","totale","2","tumori","2005","2005",1998,,
"IT","Italia","DEATH","morti","Y40-44","40-44 anni","9","totale","2","tumori","2006","2006",2000,,
"IT","Italia","DEATH","morti","Y40-44","40-44 anni","9","totale","2","tumori","2007","2007",1936,,
"IT","Italia","DEATH","morti","Y40-44","40-44 anni","9","totale","2","tumori","2008","2008",1895,,
"IT","Italia","DEATH","morti","Y40-44","40-44 anni","9","totale","2","tumori","2009","2009",1835,,
"IT","Italia","DEATH","morti","Y40-44","40-44 anni","9","totale","2","tumori","2010","2010",1890,,
"IT","Italia","DEATH","morti","Y40-44","40-44 anni","9","totale","2","tumori","2011","2011",1815,,
"IT","Italia","DEATH","morti","Y40-44","40-44 anni","9","totale","2","tumori","2012","2012",1787,,
"IT","Italia","DEATH","morti","Y40-44","40-44 anni","9","totale","2","tumori","2013","2013",1737,,
"IT","Italia","DEATH","morti","Y40-44","40-44 anni","9","totale","2","tumori","2014","2014",1655,,
"IT","Italia","DEATH","morti","Y40-44","40-44 anni","9","totale","2","tumori","2015","2015",1624,,
"IT","Italia","DEATH","morti","Y40-44","40-44 anni","9","totale","2","tumori","2016","2016",1604,,
"IT","Italia","DEATH","morti","Y40-44","40-44 anni","9","totale","2","tumori","2017","2017",1525,,
"IT","Italia","DEATH","morti","Y40-44","40-44 anni","9","totale","2","tumori","2018","2018",1522,,
"IT","Italia","DEATH","morti","Y40-44","40-44 anni","9","totale","2","tumori","2019","2019",1420,,
"IT","Italia","DEATH","morti","Y50-54","50-54 anni","9","totale","2","tumori","2005","2005",5584,,
"IT","Italia","DEATH","morti","Y50-54","50-54 anni","9","totale","2","tumori","2006","2006",5573,,
"IT","Italia","DEATH","morti","Y50-54","50-54 anni","9","totale","2","tumori","2007","2007",5525,,
"IT","Italia","DEATH","morti","Y50-54","50-54 anni","9","totale","2","tumori","2008","2008",5443,,
"IT","Italia","DEATH","morti","Y50-54","50-54 anni","9","totale","2","tumori","2009","2009",5708,,
"IT","Italia","DEATH","morti","Y50-54","50-54 anni","9","totale","2","tumori","2010","2010",5633,,
"IT","Italia","DEATH","morti","Y50-54","50-54 anni","9","totale","2","tumori","2011","2011",5531,,
"IT","Italia","DEATH","morti","Y50-54","50-54 anni","9","totale","2","tumori","2012","2012",5623,,
"IT","Italia","DEATH","morti","Y50-54","50-54 anni","9","totale","2","tumori","2013","2013",5566,,
"IT","Italia","DEATH","morti","Y50-54","50-54 anni","9","totale","2","tumori","2014","2014",5747,,
"IT","Italia","DEATH","morti","Y50-54","50-54 anni","9","totale","2","tumori","2015","2015",5758,,
"IT","Italia","DEATH","morti","Y50-54","50-54 anni","9","totale","2","tumori","2016","2016",5732,,
"IT","Italia","DEATH","morti","Y50-54","50-54 anni","9","totale","2","tumori","2017","2017",5618,,
"IT","Italia","DEATH","morti","Y50-54","50-54 anni","9","totale","2","tumori","2018","2018",5740,,
"IT","Italia","DEATH","morti","Y50-54","50-54 anni","9","totale","2","tumori","2019","2019",5394,,
"IT","Italia","DEATH","morti","Y50-54","50-54 anni","9","totale","7_1","malattie ischemiche del cuore","2005","2005",1120,,
"IT","Italia","DEATH","morti","Y50-54","50-54 anni","9","totale","7_1","malattie ischemiche del cuore","2006","2006",1035,,
"IT","Italia","DEATH","morti","Y50-54","50-54 anni","9","totale","7_1","malattie ischemiche del cuore","2007","2007",998,,
"IT","Italia","DEATH","morti","Y50-54","50-54 anni","9","totale","7_1","malattie ischemiche del cuore","2008","2008",1005,,
"IT","Italia","DEATH","morti","Y50-54","50-54 anni","9","totale","7_1","malattie ischemiche del cuore","2009","2009",1006,,
"IT","Italia","DEATH","morti","Y50-54","50-54 anni","9","totale","7_1","malattie ischemiche del cuore","2010","2010",959,,
"IT","Italia","DEATH","morti","Y50-54","50-54 anni","9","totale","7_1","malattie ischemiche del cuore","2011","2011",946,,
"IT","Italia","DEATH","morti","Y50-54","50-54 anni","9","totale","7_1","malattie ischemiche del cuore","2012","2012",884,,
"IT","Italia","DEATH","morti","Y50-54","50-54 anni","9","totale","7_1","malattie ischemiche del cuore","2013","2013",933,,
"IT","Italia","DEATH","morti","Y50-54","50-54 anni","9","totale","7_1","malattie ischemiche del cuore","2014","2014",898,,
"IT","Italia","DEATH","morti","Y50-54","50-54 anni","9","totale","7_1","malattie ischemiche del cuore","2015","2015",930,,
"IT","Italia","DEATH","morti","Y50-54","50-54 anni","9","totale","7_1","malattie ischemiche del cuore","2016","2016",908,,
"IT","Italia","DEATH","morti","Y50-54","50-54 anni","9","totale","7_1","malattie ischemiche del cuore","2017","2017",830,,
"IT","Italia","DEATH","morti","Y50-54","50-54 anni","9","totale","7_1","malattie ischemiche del cuore","2018","2018",799,,
"IT","Italia","DEATH","morti","Y50-54","50-54 anni","9","totale","7_1","malattie ischemiche del cuore","2019","2019",809,,
"IT","Italia","DEATH","morti","Y40-44","40-44 anni","9","totale","17_1_1","di cui accidenti di trasporto","2005","2005",351,,
"IT","Italia","DEATH","morti","Y40-44","40-44 anni","9","totale","17_1_1","di cui accidenti di trasporto","2006","2006",406,,
"IT","Italia","DEATH","morti","Y40-44","40-44 anni","9","totale","17_1_1","di cui accidenti di trasporto","2007","2007",391,,
"IT","Italia","DEATH","morti","Y40-44","40-44 anni","9","totale","17_1_1","di cui accidenti di trasporto","2008","2008",352,,
"IT","Italia","DEATH","morti","Y40-44","40-44 anni","9","totale","17_1_1","di cui accidenti di trasporto","2009","2009",316,,
"IT","Italia","DEATH","morti","Y40-44","40-44 anni","9","totale","17_1_1","di cui accidenti di trasporto","2010","2010",329,,
"IT","Italia","DEATH","morti","Y40-44","40-44 anni","9","totale","17_1_1","di cui accidenti di trasporto","2011","2011",269,,
"IT","Italia","DEATH","morti","Y40-44","40-44 anni","9","totale","17_1_1","di cui accidenti di trasporto","2012","2012",265,,
"IT","Italia","DEATH","morti","Y40-44","40-44 anni","9","totale","17_1_1","di cui accidenti di trasporto","2013","2013",239,,
"IT","Italia","DEATH","morti","Y40-44","40-44 anni","9","totale","17_1_1","di cui accidenti di trasporto","2014","2014",229,,
"IT","Italia","DEATH","morti","Y40-44","40-44 anni","9","totale","17_1_1","di cui accidenti di trasporto","2015","2015",263,,
"IT","Italia","DEATH","morti","Y40-44","40-44 anni","9","totale","17_1_1","di cui accidenti di trasporto","2016","2016",233,,
"IT","Italia","DEATH","morti","Y40-44","40-44 anni","9","totale","17_1_1","di cui accidenti di trasporto","2017","2017",246,,
"IT","Italia","DEATH","morti","Y40-44","40-44 anni","9","totale","17_1_1","di cui accidenti di trasporto","2018","2018",223,,
"IT","Italia","DEATH","morti","Y40-44","40-44 anni","9","totale","17_1_1","di cui accidenti di trasporto","2019","2019",187,,
"IT","Italia","DEATH","morti","Y50-54","50-54 anni","9","totale","17_1_1","di cui accidenti di trasporto","2005","2005",247,,
"IT","Italia","DEATH","morti","Y50-54","50-54 anni","9","totale","17_1_1","di cui accidenti di trasporto","2006","2006",302,,
"IT","Italia","DEATH","morti","Y50-54","50-54 anni","9","totale","17_1_1","di cui accidenti di trasporto","2007","2007",282,,
"IT","Italia","DEATH","morti","Y50-54","50-54 anni","9","totale","17_1_1","di cui accidenti di trasporto","2008","2008",269,,
"IT","Italia","DEATH","morti","Y50-54","50-54 anni","9","totale","17_1_1","di cui accidenti di trasporto","2009","2009",249,,
"IT","Italia","DEATH","morti","Y50-54","50-54 anni","9","totale","17_1_1","di cui accidenti di trasporto","2010","2010",246,,
"IT","Italia","DEATH","morti","Y50-54","50-54 anni","9","totale","17_1_1","di cui accidenti di trasporto","2011","2011",264,,
"IT","Italia","DEATH","morti","Y50-54","50-54 anni","9","totale","17_1_1","di cui accidenti di trasporto","2012","2012",252,,
"IT","Italia","DEATH","morti","Y50-54","50-54 anni","9","totale","17_1_1","di cui accidenti di trasporto","2013","2013",236,,
"IT","Italia","DEATH","morti","Y50-54","50-54 anni","9","totale","17_1_1","di cui accidenti di trasporto","2014","2014",219,,
"IT","Italia","DEATH","morti","Y50-54","50-54 anni","9","totale","17_1_1","di cui accidenti di trasporto","2015","2015",221,,
"IT","Italia","DEATH","morti","Y50-54","50-54 anni","9","totale","17_1_1","di cui accidenti di trasporto","2016","2016",220,,
"IT","Italia","DEATH","morti","Y50-54","50-54 anni","9","totale","17_1_1","di cui accidenti di trasporto","2017","2017",258,,
"IT","Italia","DEATH","morti","Y50-54","50-54 anni","9","totale","17_1_1","di cui accidenti di trasporto","2018","2018",247,,
"IT","Italia","DEATH","morti","Y50-54","50-54 anni","9","totale","17_1_1","di cui accidenti di trasporto","2019","2019",250,,
"IT","Italia","DEATH","morti","Y40-44","40-44 anni","9","totale","7_1","malattie ischemiche del cuore","2005","2005",331,,
"IT","Italia","DEATH","morti","Y40-44","40-44 anni","9","totale","7_1","malattie ischemiche del cuore","2006","2006",340,,
"IT","Italia","DEATH","morti","Y40-44","40-44 anni","9","totale","7_1","malattie ischemiche del cuore","2007","2007",352,,
"IT","Italia","DEATH","morti","Y40-44","40-44 anni","9","totale","7_1","malattie ischemiche del cuore","2008","2008",298,,
"IT","Italia","DEATH","morti","Y40-44","40-44 anni","9","totale","7_1","malattie ischemiche del cuore","2009","2009",312,,
"IT","Italia","DEATH","morti","Y40-44","40-44 anni","9","totale","7_1","malattie ischemiche del cuore","2010","2010",294,,
"IT","Italia","DEATH","morti","Y40-44","40-44 anni","9","totale","7_1","malattie ischemiche del cuore","2011","2011",289,,
"IT","Italia","DEATH","morti","Y40-44","40-44 anni","9","totale","7_1","malattie ischemiche del cuore","2012","2012",258,,
"IT","Italia","DEATH","morti","Y40-44","40-44 anni","9","totale","7_1","malattie ischemiche del cuore","2013","2013",254,,
"IT","Italia","DEATH","morti","Y40-44","40-44 anni","9","totale","7_1","malattie ischemiche del cuore","2014","2014",230,,
"IT","Italia","DEATH","morti","Y40-44","40-44 anni","9","totale","7_1","malattie ischemiche del cuore","2015","2015",252,,
"IT","Italia","DEATH","morti","Y40-44","40-44 anni","9","totale","7_1","malattie ischemiche del cuore","2016","2016",206,,
"IT","Italia","DEATH","morti","Y40-44","40-44 anni","9","totale","7_1","malattie ischemiche del cuore","2017","2017",224,,
"IT","Italia","DEATH","morti","Y40-44","40-44 anni","9","totale","7_1","malattie ischemiche del cuore","2018","2018",181,,
"IT","Italia","DEATH","morti","Y40-44","40-44 anni","9","totale","7_1","malattie ischemiche del cuore","2019","2019",187,,
"IT","Italia","DEATH","morti","Y15-19","15-19 anni","9","totale","7_1","malattie ischemiche del cuore","2005","2005",3,,
"IT","Italia","DEATH","morti","Y15-19","15-19 anni","9","totale","7_1","malattie ischemiche del cuore","2006","2006",4,,
"IT","Italia","DEATH","morti","Y15-19","15-19 anni","9","totale","7_1","malattie ischemiche del cuore","2007","2007",2,,
"IT","Italia","DEATH","morti","Y15-19","15-19 anni","9","totale","7_1","malattie ischemiche del cuore","2008","2008",3,,
"IT","Italia","DEATH","morti","Y15-19","15-19 anni","9","totale","7_1","malattie ischemiche del cuore","2009","2009",4,,
"IT","Italia","DEATH","morti","Y15-19","15-19 anni","9","totale","7_1","malattie ischemiche del cuore","2010","2010",1,,
"IT","Italia","DEATH","morti","Y15-19","15-19 anni","9","totale","7_1","malattie ischemiche del cuore","2011","2011",3,,
"IT","Italia","DEATH","morti","Y15-19","15-19 anni","9","totale","7_1","malattie ischemiche del cuore","2012","2012",3,,
"IT","Italia","DEATH","morti","Y15-19","15-19 anni","9","totale","7_1","malattie ischemiche del cuore","2013","2013",3,,
"IT","Italia","DEATH","morti","Y15-19","15-19 anni","9","totale","7_1","malattie ischemiche del cuore","2014","2014",3,,
"IT","Italia","DEATH","morti","Y15-19","15-19 anni","9","totale","7_1","malattie ischemiche del cuore","2015","2015",2,,
"IT","Italia","DEATH","morti","Y15-19","15-19 anni","9","totale","7_1","malattie ischemiche del cuore","2018","2018",1,,
"IT","Italia","DEATH","morti","Y15-19","15-19 anni","9","totale","7_1","malattie ischemiche del cuore","2019","2019",1,,
"IT","Italia","DEATH","morti","Y15-19","15-19 anni","9","totale","2","tumori","2005","2005",123,,
"IT","Italia","DEATH","morti","Y15-19","15-19 anni","9","totale","2","tumori","2006","2006",125,,
"IT","Italia","DEATH","morti","Y15-19","15-19 anni","9","totale","2","tumori","2007","2007",119,,
"IT","Italia","DEATH","morti","Y15-19","15-19 anni","9","totale","2","tumori","2008","2008",157,,
"IT","Italia","DEATH","morti","Y15-19","15-19 anni","9","totale","2","tumori","2009","2009",125,,
"IT","Italia","DEATH","morti","Y15-19","15-19 anni","9","totale","2","tumori","2010","2010",126,,
"IT","Italia","DEATH","morti","Y15-19","15-19 anni","9","totale","2","tumori","2011","2011",124,,
"IT","Italia","DEATH","morti","Y15-19","15-19 anni","9","totale","2","tumori","2012","2012",101,,
"IT","Italia","DEATH","morti","Y15-19","15-19 anni","9","totale","2","tumori","2013","2013",120,,
"IT","Italia","DEATH","morti","Y15-19","15-19 anni","9","totale","2","tumori","2014","2014",98,,
"IT","Italia","DEATH","morti","Y15-19","15-19 anni","9","totale","2","tumori","2015","2015",103,,
"IT","Italia","DEATH","morti","Y15-19","15-19 anni","9","totale","2","tumori","2016","2016",99,,
"IT","Italia","DEATH","morti","Y15-19","15-19 anni","9","totale","2","tumori","2017","2017",98,,
"IT","Italia","DEATH","morti","Y15-19","15-19 anni","9","totale","2","tumori","2018","2018",101,,
"IT","Italia","DEATH","morti","Y15-19","15-19 anni","9","totale","2","tumori","2019","2019",84,,
"IT","Italia","DEATH","morti","Y15-19","15-19 anni","9","totale","1","alcune malattie infettive e parassitarie","2005","2005",8,,
"IT","Italia","DEATH","morti","Y15-19","15-19 anni","9","totale","1","alcune malattie infettive e parassitarie","2006","2006",17,,
"IT","Italia","DEATH","morti","Y15-19","15-19 anni","9","totale","1","alcune malattie infettive e parassitarie","2007","2007",12,,
"IT","Italia","DEATH","morti","Y15-19","15-19 anni","9","totale","1","alcune malattie infettive e parassitarie","2008","2008",10,,
"IT","Italia","DEATH","morti","Y15-19","15-19 anni","9","totale","1","alcune malattie infettive e parassitarie","2009","2009",12,,
"IT","Italia","DEATH","morti","Y15-19","15-19 anni","9","totale","1","alcune malattie infettive e parassitarie","2010","2010",8,,
"IT","Italia","DEATH","morti","Y15-19","15-19 anni","9","totale","1","alcune malattie infettive e parassitarie","2011","2011",7,,
"IT","Italia","DEATH","morti","Y15-19","15-19 anni","9","totale","1","alcune malattie infettive e parassitarie","2012","2012",5,,
"IT","Italia","DEATH","morti","Y15-19","15-19 anni","9","totale","1","alcune malattie infettive e parassitarie","2013","2013",7,,
"IT","Italia","DEATH","morti","Y15-19","15-19 anni","9","totale","1","alcune malattie infettive e parassitarie","2014","2014",8,,
"IT","Italia","DEATH","morti","Y15-19","15-19 anni","9","totale","1","alcune malattie infettive e parassitarie","2015","2015",7,,
"IT","Italia","DEATH","morti","Y15-19","15-19 anni","9","totale","1","alcune malattie infettive e parassitarie","2016","2016",2,,
"IT","Italia","DEATH","morti","Y15-19","15-19 anni","9","totale","1","alcune malattie infettive e parassitarie","2017","2017",6,,
"IT","Italia","DEATH","morti","Y15-19","15-19 anni","9","totale","1","alcune malattie infettive e parassitarie","2018","2018",6,,
"IT","Italia","DEATH","morti","Y15-19","15-19 anni","9","totale","1","alcune malattie infettive e parassitarie","2019","2019",5,,
"IT","Italia","DEATH","morti","Y15-19","15-19 anni","9","totale","17_1_1","di cui accidenti di trasporto","2005","2005",426,,
"IT","Italia","DEATH","morti","Y15-19","15-19 anni","9","totale","17_1_1","di cui accidenti di trasporto","2006","2006",443,,
"IT","Italia","DEATH","morti","Y15-19","15-19 anni","9","totale","17_1_1","di cui accidenti di trasporto","2007","2007",455,,
"IT","Italia","DEATH","morti","Y15-19","15-19 anni","9","totale","17_1_1","di cui accidenti di trasporto","2008","2008",410,,
"IT","Italia","DEATH","morti","Y15-19","15-19 anni","9","totale","17_1_1","di cui accidenti di trasporto","2009","2009",341,,
"IT","Italia","DEATH","morti","Y15-19","15-19 anni","9","totale","17_1_1","di cui accidenti di trasporto","2010","2010",317,,
"IT","Italia","DEATH","morti","Y15-19","15-19 anni","9","totale","17_1_1","di cui accidenti di trasporto","2011","2011",262,,
"IT","Italia","DEATH","morti","Y15-19","15-19 anni","9","totale","17_1_1","di cui accidenti di trasporto","2012","2012",213,,
"IT","Italia","DEATH","morti","Y15-19","15-19 anni","9","totale","17_1_1","di cui accidenti di trasporto","2013","2013",182,,
"IT","Italia","DEATH","morti","Y15-19","15-19 anni","9","totale","17_1_1","di cui accidenti di trasporto","2014","2014",181,,
"IT","Italia","DEATH","morti","Y15-19","15-19 anni","9","totale","17_1_1","di cui accidenti di trasporto","2015","2015",176,,
"IT","Italia","DEATH","morti","Y15-19","15-19 anni","9","totale","17_1_1","di cui accidenti di trasporto","2016","2016",163,,
"IT","Italia","DEATH","morti","Y15-19","15-19 anni","9","totale","17_1_1","di cui accidenti di trasporto","2017","2017",162,,
"IT","Italia","DEATH","morti","Y15-19","15-19 anni","9","totale","17_1_1","di cui accidenti di trasporto","2018","2018",186,,
"IT","Italia","DEATH","morti","Y15-19","15-19 anni","9","totale","17_1_1","di cui accidenti di trasporto","2019","2019",167,,
"IT","Italia","DEATH","morti","Y20-24","20-24 anni","9","totale","1","alcune malattie infettive e parassitarie","2005","2005",19,,
"IT","Italia","DEATH","morti","Y20-24","20-24 anni","9","totale","1","alcune malattie infettive e parassitarie","2006","2006",7,,
"IT","Italia","DEATH","morti","Y20-24","20-24 anni","9","totale","1","alcune malattie infettive e parassitarie","2007","2007",8,,
"IT","Italia","DEATH","morti","Y20-24","20-24 anni","9","totale","1","alcune malattie infettive e parassitarie","2008","2008",7,,
"IT","Italia","DEATH","morti","Y20-24","20-24 anni","9","totale","1","alcune malattie infettive e parassitarie","2009","2009",13,,
"IT","Italia","DEATH","morti","Y20-24","20-24 anni","9","totale","1","alcune malattie infettive e parassitarie","2010","2010",8,,
"IT","Italia","DEATH","morti","Y20-24","20-24 anni","9","totale","1","alcune malattie infettive e parassitarie","2011","2011",18,,
"IT","Italia","DEATH","morti","Y20-24","20-24 anni","9","totale","1","alcune malattie infettive e parassitarie","2012","2012",17,,
"IT","Italia","DEATH","morti","Y20-24","20-24 anni","9","totale","1","alcune malattie infettive e parassitarie","2013","2013",17,,
"IT","Italia","DEATH","morti","Y20-24","20-24 anni","9","totale","1","alcune malattie infettive e parassitarie","2014","2014",7,,
"IT","Italia","DEATH","morti","Y20-24","20-24 anni","9","totale","1","alcune malattie infettive e parassitarie","2015","2015",11,,
"IT","Italia","DEATH","morti","Y20-24","20-24 anni","9","totale","1","alcune malattie infettive e parassitarie","2016","2016",11,,
"IT","Italia","DEATH","morti","Y20-24","20-24 anni","9","totale","1","alcune malattie infettive e parassitarie","2017","2017",6,,
"IT","Italia","DEATH","morti","Y20-24","20-24 anni","9","totale","1","alcune malattie infettive e parassitarie","2018","2018",14,,
"IT","Italia","DEATH","morti","Y20-24","20-24 anni","9","totale","1","alcune malattie infettive e parassitarie","2019","2019",15,,
"IT","Italia","DEATH","morti","Y20-24","20-24 anni","9","totale","7_1","malattie ischemiche del cuore","2005","2005",7,,
"IT","Italia","DEATH","morti","Y20-24","20-24 anni","9","totale","7_1","malattie ischemiche del cuore","2006","2006",11,,
"IT","Italia","DEATH","morti","Y20-24","20-24 anni","9","totale","7_1","malattie ischemiche del cuore","2007","2007",4,,
"IT","Italia","DEATH","morti","Y20-24","20-24 anni","9","totale","7_1","malattie ischemiche del cuore","2008","2008",5,,
"IT","Italia","DEATH","morti","Y20-24","20-24 anni","9","totale","7_1","malattie ischemiche del cuore","2009","2009",6,,
"IT","Italia","DEATH","morti","Y20-24","20-24 anni","9","totale","7_1","malattie ischemiche del cuore","2010","2010",10,,
"IT","Italia","DEATH","morti","Y20-24","20-24 anni","9","totale","7_1","malattie ischemiche del cuore","2011","2011",8,,
"IT","Italia","DEATH","morti","Y20-24","20-24 anni","9","totale","7_1","malattie ischemiche del cuore","2012","2012",5,,
"IT","Italia","DEATH","morti","Y20-24","20-24 anni","9","totale","7_1","malattie ischemiche del cuore","2013","2013",2,,
"IT","Italia","DEATH","morti","Y20-24","20-24 anni","9","totale","7_1","malattie ischemiche del cuore","2014","2014",6,,
"IT","Italia","DEATH","morti","Y20-24","20-24 anni","9","totale","7_1","malattie ischemiche del cuore","2015","2015",7,,
"IT","Italia","DEATH","morti","Y20-24","20-24 anni","9","totale","7_1","malattie ischemiche del cuore","2016","2016",3,,
"IT","Italia","DEATH","morti","Y20-24","20-24 anni","9","totale","7_1","malattie ischemiche del cuore","2017","2017",8,,
"IT","Italia","DEATH","morti","Y20-24","20-24 anni","9","totale","7_1","malattie ischemiche del cuore","2018","2018",5,,
"IT","Italia","DEATH","morti","Y20-24","20-24 anni","9","totale","7_1","malattie ischemiche del cuore","2019","2019",2,,
"IT","Italia","DEATH","morti","Y20-24","20-24 anni","9","totale","17_1_1","di cui accidenti di trasporto","2005","2005",655,,
"IT","Italia","DEATH","morti","Y20-24","20-24 anni","9","totale","17_1_1","di cui accidenti di trasporto","2006","2006",570,,
"IT","Italia","DEATH","morti","Y20-24","20-24 anni","9","totale","17_1_1","di cui accidenti di trasporto","2007","2007",524,,
"IT","Italia","DEATH","morti","Y20-24","20-24 anni","9","totale","17_1_1","di cui accidenti di trasporto","2008","2008",478,,
"IT","Italia","DEATH","morti","Y20-24","20-24 anni","9","totale","17_1_1","di cui accidenti di trasporto","2009","2009",440,,
"IT","Italia","DEATH","morti","Y20-24","20-24 anni","9","totale","17_1_1","di cui accidenti di trasporto","2010","2010",383,,
"IT","Italia","DEATH","morti","Y20-24","20-24 anni","9","totale","17_1_1","di cui accidenti di trasporto","2011","2011",394,,
"IT","Italia","DEATH","morti","Y20-24","20-24 anni","9","totale","17_1_1","di cui accidenti di trasporto","2012","2012",313,,
"IT","Italia","DEATH","morti","Y20-24","20-24 anni","9","totale","17_1_1","di cui accidenti di trasporto","2013","2013",278,,
"IT","Italia","DEATH","morti","Y20-24","20-24 anni","9","totale","17_1_1","di cui accidenti di trasporto","2014","2014",254,,
"IT","Italia","DEATH","morti","Y20-24","20-24 anni","9","totale","17_1_1","di cui accidenti di trasporto","2015","2015",273,,
"IT","Italia","DEATH","morti","Y20-24","20-24 anni","9","totale","17_1_1","di cui accidenti di trasporto","2016","2016",270,,
"IT","Italia","DEATH","morti","Y20-24","20-24 anni","9","totale","17_1_1","di cui accidenti di trasporto","2017","2017",232,,
"IT","Italia","DEATH","morti","Y20-24","20-24 anni","9","totale","17_1_1","di cui accidenti di trasporto","2018","2018",214,,
"IT","Italia","DEATH","morti","Y20-24","20-24 anni","9","totale","17_1_1","di cui accidenti di trasporto","2019","2019",241,,
"IT","Italia","DEATH","morti","Y20-24","20-24 anni","9","totale","2","tumori","2005","2005",166,,
"IT","Italia","DEATH","morti","Y20-24","20-24 anni","9","totale","2","tumori","2006","2006",163,,
"IT","Italia","DEATH","morti","Y20-24","20-24 anni","9","totale","2","tumori","2007","2007",162,,
"IT","Italia","DEATH","morti","Y20-24","20-24 anni","9","totale","2","tumori","2008","2008",161,,
"IT","Italia","DEATH","morti","Y20-24","20-24 anni","9","totale","2","tumori","2009","2009",184,,
"IT","Italia","DEATH","morti","Y20-24","20-24 anni","9","totale","2","tumori","2010","2010",154,,
"IT","Italia","DEATH","morti","Y20-24","20-24 anni","9","totale","2","tumori","2011","2011",174,,
"IT","Italia","DEATH","morti","Y20-24","20-24 anni","9","totale","2","tumori","2012","2012",154,,
"IT","Italia","DEATH","morti","Y20-24","20-24 anni","9","totale","2","tumori","2013","2013",156,,
"IT","Italia","DEATH","morti","Y20-24","20-24 anni","9","totale","2","tumori","2014","2014",141,,
"IT","Italia","DEATH","morti","Y20-24","20-24 anni","9","totale","2","tumori","2015","2015",159,,
"IT","Italia","DEATH","morti","Y20-24","20-24 anni","9","totale","2","tumori","2016","2016",136,,
"IT","Italia","DEATH","morti","Y20-24","20-24 anni","9","totale","2","tumori","2017","2017",123,,
"IT","Italia","DEATH","morti","Y20-24","20-24 anni","9","totale","2","tumori","2018","2018",141,,
"IT","Italia","DEATH","morti","Y20-24","20-24 anni","9","totale","2","tumori","2019","2019",116,,
"IT","Italia","DEATH","morti","Y45-49","45-49 anni","9","totale","17_1_1","di cui accidenti di trasporto","2005","2005",344,,
"IT","Italia","DEATH","morti","Y45-49","45-49 anni","9","totale","17_1_1","di cui accidenti di trasporto","2006","2006",309,,
"IT","Italia","DEATH","morti","Y45-49","45-49 anni","9","totale","17_1_1","di cui accidenti di trasporto","2007","2007",336,,
"IT","Italia","DEATH","morti","Y45-49","45-49 anni","9","totale","17_1_1","di cui accidenti di trasporto","2008","2008",324,,
"IT","Italia","DEATH","morti","Y45-49","45-49 anni","9","totale","17_1_1","di cui accidenti di trasporto","2009","2009",282,,
"IT","Italia","DEATH","morti","Y45-49","45-49 anni","9","totale","17_1_1","di cui accidenti di trasporto","2010","2010",284,,
"IT","Italia","DEATH","morti","Y45-49","45-49 anni","9","totale","17_1_1","di cui accidenti di trasporto","2011","2011",296,,
"IT","Italia","DEATH","morti","Y45-49","45-49 anni","9","totale","17_1_1","di cui accidenti di trasporto","2012","2012",265,,
"IT","Italia","DEATH","morti","Y45-49","45-49 anni","9","totale","17_1_1","di cui accidenti di trasporto","2013","2013",240,,
"IT","Italia","DEATH","morti","Y45-49","45-49 anni","9","totale","17_1_1","di cui accidenti di trasporto","2014","2014",246,,
"IT","Italia","DEATH","morti","Y45-49","45-49 anni","9","totale","17_1_1","di cui accidenti di trasporto","2015","2015",261,,
"IT","Italia","DEATH","morti","Y45-49","45-49 anni","9","totale","17_1_1","di cui accidenti di trasporto","2016","2016",240,,
"IT","Italia","DEATH","morti","Y45-49","45-49 anni","9","totale","17_1_1","di cui accidenti di trasporto","2017","2017",222,,
"IT","Italia","DEATH","morti","Y45-49","45-49 anni","9","totale","17_1_1","di cui accidenti di trasporto","2018","2018",225,,
"IT","Italia","DEATH","morti","Y45-49","45-49 anni","9","totale","17_1_1","di cui accidenti di trasporto","2019","2019",234,,
"IT","Italia","DEATH","morti","Y45-49","45-49 anni","9","totale","1","alcune malattie infettive e parassitarie","2005","2005",301,,
"IT","Italia","DEATH","morti","Y45-49","45-49 anni","9","totale","1","alcune malattie infettive e parassitarie","2006","2006",305,,
"IT","Italia","DEATH","morti","Y45-49","45-49 anni","9","totale","1","alcune malattie infettive e parassitarie","2007","2007",372,,
"IT","Italia","DEATH","morti","Y45-49","45-49 anni","9","totale","1","alcune malattie infettive e parassitarie","2008","2008",407,,
"IT","Italia","DEATH","morti","Y45-49","45-49 anni","9","totale","1","alcune malattie infettive e parassitarie","2009","2009",391,,
"IT","Italia","DEATH","morti","Y45-49","45-49 anni","9","totale","1","alcune malattie infettive e parassitarie","2010","2010",348,,
"IT","Italia","DEATH","morti","Y45-49","45-49 anni","9","totale","1","alcune malattie infettive e parassitarie","2011","2011",389,,
"IT","Italia","DEATH","morti","Y45-49","45-49 anni","9","totale","1","alcune malattie infettive e parassitarie","2012","2012",411,,
"IT","Italia","DEATH","morti","Y45-49","45-49 anni","9","totale","1","alcune malattie infettive e parassitarie","2013","2013",351,,
"IT","Italia","DEATH","morti","Y45-49","45-49 anni","9","totale","1","alcune malattie infettive e parassitarie","2014","2014",315,,
"IT","Italia","DEATH","morti","Y45-49","45-49 anni","9","totale","1","alcune malattie infettive e parassitarie","2015","2015",295,,
"IT","Italia","DEATH","morti","Y45-49","45-49 anni","9","totale","1","alcune malattie infettive e parassitarie","2016","2016",186,,
"IT","Italia","DEATH","morti","Y45-49","45-49 anni","9","totale","1","alcune malattie infettive e parassitarie","2017","2017",222,,
"IT","Italia","DEATH","morti","Y45-49","45-49 anni","9","totale","1","alcune malattie infettive e parassitarie","2018","2018",193,,
"IT","Italia","DEATH","morti","Y45-49","45-49 anni","9","totale","1","alcune malattie infettive e parassitarie","2019","2019",163,,
"IT","Italia","DEATH","morti","Y55-59","55-59 anni","9","totale","17_1_1","di cui accidenti di trasporto","2005","2005",277,,
"IT","Italia","DEATH","morti","Y55-59","55-59 anni","9","totale","17_1_1","di cui accidenti di trasporto","2006","2006",266,,
"IT","Italia","DEATH","morti","Y55-59","55-59 anni","9","totale","17_1_1","di cui accidenti di trasporto","2007","2007",245,,
"IT","Italia","DEATH","morti","Y55-59","55-59 anni","9","totale","17_1_1","di cui accidenti di trasporto","2008","2008",219,,
"IT","Italia","DEATH","morti","Y55-59","55-59 anni","9","totale","17_1_1","di cui accidenti di trasporto","2009","2009",239,,
"IT","Italia","DEATH","morti","Y55-59","55-59 anni","9","totale","17_1_1","di cui accidenti di trasporto","2010","2010",217,,
"IT","Italia","DEATH","morti","Y55-59","55-59 anni","9","totale","17_1_1","di cui accidenti di trasporto","2011","2011",228,,
"IT","Italia","DEATH","morti","Y55-59","55-59 anni","9","totale","17_1_1","di cui accidenti di trasporto","2012","2012",229,,
"IT","Italia","DEATH","morti","Y55-59","55-59 anni","9","totale","17_1_1","di cui accidenti di trasporto","2013","2013",204,,
"IT","Italia","DEATH","morti","Y55-59","55-59 anni","9","totale","17_1_1","di cui accidenti di trasporto","2014","2014",227,,
"IT","Italia","DEATH","morti","Y55-59","55-59 anni","9","totale","17_1_1","di cui accidenti di trasporto","2015","2015",232,,
"IT","Italia","DEATH","morti","Y55-59","55-59 anni","9","totale","17_1_1","di cui accidenti di trasporto","2016","2016",222,,
"IT","Italia","DEATH","morti","Y55-59","55-59 anni","9","totale","17_1_1","di cui accidenti di trasporto","2017","2017",242,,
"IT","Italia","DEATH","morti","Y55-59","55-59 anni","9","totale","17_1_1","di cui accidenti di trasporto","2018","2018",245,,
"IT","Italia","DEATH","morti","Y55-59","55-59 anni","9","totale","17_1_1","di cui accidenti di trasporto","2019","2019",239,,
"IT","Italia","DEATH","morti","Y55-59","55-59 anni","9","totale","7_1","malattie ischemiche del cuore","2005","2005",1909,,
"IT","Italia","DEATH","morti","Y55-59","55-59 anni","9","totale","7_1","malattie ischemiche del cuore","2006","2006",1878,,
"IT","Italia","DEATH","morti","Y55-59","55-59 anni","9","totale","7_1","malattie ischemiche del cuore","2007","2007",1642,,
"IT","Italia","DEATH","morti","Y55-59","55-59 anni","9","totale","7_1","malattie ischemiche del cuore","2008","2008",1688,,
"IT","Italia","DEATH","morti","Y55-59","55-59 anni","9","totale","7_1","malattie ischemiche del cuore","2009","2009",1535,,
"IT","Italia","DEATH","morti","Y55-59","55-59 anni","9","totale","7_1","malattie ischemiche del cuore","2010","2010",1469,,
"IT","Italia","DEATH","morti","Y55-59","55-59 anni","9","totale","7_1","malattie ischemiche del cuore","2011","2011",1501,,
"IT","Italia","DEATH","morti","Y55-59","55-59 anni","9","totale","7_1","malattie ischemiche del cuore","2012","2012",1460,,
"IT","Italia","DEATH","morti","Y55-59","55-59 anni","9","totale","7_1","malattie ischemiche del cuore","2013","2013",1412,,
"IT","Italia","DEATH","morti","Y55-59","55-59 anni","9","totale","7_1","malattie ischemiche del cuore","2014","2014",1282,,
"IT","Italia","DEATH","morti","Y55-59","55-59 anni","9","totale","7_1","malattie ischemiche del cuore","2015","2015",1460,,
"IT","Italia","DEATH","morti","Y55-59","55-59 anni","9","totale","7_1","malattie ischemiche del cuore","2016","2016",1398,,
"IT","Italia","DEATH","morti","Y55-59","55-59 anni","9","totale","7_1","malattie ischemiche del cuore","2017","2017",1364,,
"IT","Italia","DEATH","morti","Y55-59","55-59 anni","9","totale","7_1","malattie ischemiche del cuore","2018","2018",1270,,
"IT","Italia","DEATH","morti","Y55-59","55-59 anni","9","totale","7_1","malattie ischemiche del cuore","2019","2019",1274,,
"IT","Italia","DEATH","morti","Y45-49","45-49 anni","9","totale","7_1","malattie ischemiche del cuore","2005","2005",595,,
"IT","Italia","DEATH","morti","Y45-49","45-49 anni","9","totale","7_1","malattie ischemiche del cuore","2006","2006",623,,
"IT","Italia","DEATH","morti","Y45-49","45-49 anni","9","totale","7_1","malattie ischemiche del cuore","2007","2007",634,,
"IT","Italia","DEATH","morti","Y45-49","45-49 anni","9","totale","7_1","malattie ischemiche del cuore","2008","2008",622,,
"IT","Italia","DEATH","morti","Y45-49","45-49 anni","9","totale","7_1","malattie ischemiche del cuore","2009","2009",543,,
"IT","Italia","DEATH","morti","Y45-49","45-49 anni","9","totale","7_1","malattie ischemiche del cuore","2010","2010",644,,
"IT","Italia","DEATH","morti","Y45-49","45-49 anni","9","totale","7_1","malattie ischemiche del cuore","2011","2011",569,,
"IT","Italia","DEATH","morti","Y45-49","45-49 anni","9","totale","7_1","malattie ischemiche del cuore","2012","2012",539,,
"IT","Italia","DEATH","morti","Y45-49","45-49 anni","9","totale","7_1","malattie ischemiche del cuore","2013","2013",536,,
"IT","Italia","DEATH","morti","Y45-49","45-49 anni","9","totale","7_1","malattie ischemiche del cuore","2014","2014",527,,
"IT","Italia","DEATH","morti","Y45-49","45-49 anni","9","totale","7_1","malattie ischemiche del cuore","2015","2015",552,,
"IT","Italia","DEATH","morti","Y45-49","45-49 anni","9","totale","7_1","malattie ischemiche del cuore","2016","2016",466,,
"IT","Italia","DEATH","morti","Y45-49","45-49 anni","9","totale","7_1","malattie ischemiche del cuore","2017","2017",466,,
"IT","Italia","DEATH","morti","Y45-49","45-49 anni","9","totale","7_1","malattie ischemiche del cuore","2018","2018",439,,
"IT","Italia","DEATH","morti","Y45-49","45-49 anni","9","totale","7_1","malattie ischemiche del cuore","2019","2019",424,,
"IT","Italia","DEATH","morti","Y45-49","45-49 anni","9","totale","2","tumori","2005","2005",3281,,
"IT","Italia","DEATH","morti","Y45-49","45-49 anni","9","totale","2","tumori","2006","2006",3276,,
"IT","Italia","DEATH","morti","Y45-49","45-49 anni","9","totale","2","tumori","2007","2007",3370,,
"IT","Italia","DEATH","morti","Y45-49","45-49 anni","9","totale","2","tumori","2008","2008",3426,,
"IT","Italia","DEATH","morti","Y45-49","45-49 anni","9","totale","2","tumori","2009","2009",3507,,
"IT","Italia","DEATH","morti","Y45-49","45-49 anni","9","totale","2","tumori","2010","2010",3407,,
"IT","Italia","DEATH","morti","Y45-49","45-49 anni","9","totale","2","tumori","2011","2011",3515,,
"IT","Italia","DEATH","morti","Y45-49","45-49 anni","9","totale","2","tumori","2012","2012",3545,,
"IT","Italia","DEATH","morti","Y45-49","45-49 anni","9","totale","2","tumori","2013","2013",3385,,
"IT","Italia","DEATH","morti","Y45-49","45-49 anni","9","totale","2","tumori","2014","2014",3361,,
"IT","Italia","DEATH","morti","Y45-49","45-49 anni","9","totale","2","tumori","2015","2015",3322,,
"IT","Italia","DEATH","morti","Y45-49","45-49 anni","9","totale","2","tumori","2016","2016",3187,,
"IT","Italia","DEATH","morti","Y45-49","45-49 anni","9","totale","2","tumori","2017","2017",3160,,
"IT","Italia","DEATH","morti","Y45-49","45-49 anni","9","totale","2","tumori","2018","2018",3045,,
"IT","Italia","DEATH","morti","Y45-49","45-49 anni","9","totale","2","tumori","2019","2019",2955,,
"IT","Italia","DEATH","morti","Y55-59","55-59 anni","9","totale","1","alcune malattie infettive e parassitarie","2005","2005",280,,
"IT","Italia","DEATH","morti","Y55-59","55-59 anni","9","totale","1","alcune malattie infettive e parassitarie","2006","2006",297,,
"IT","Italia","DEATH","morti","Y55-59","55-59 anni","9","totale","1","alcune malattie infettive e parassitarie","2007","2007",292,,
"IT","Italia","DEATH","morti","Y55-59","55-59 anni","9","totale","1","alcune malattie infettive e parassitarie","2008","2008",340,,
"IT","Italia","DEATH","morti","Y55-59","55-59 anni","9","totale","1","alcune malattie infettive e parassitarie","2009","2009",313,,
"IT","Italia","DEATH","morti","Y55-59","55-59 anni","9","totale","1","alcune malattie infettive e parassitarie","2010","2010",299,,
"IT","Italia","DEATH","morti","Y55-59","55-59 anni","9","totale","1","alcune malattie infettive e parassitarie","2011","2011",299,,
"IT","Italia","DEATH","morti","Y55-59","55-59 anni","9","totale","1","alcune malattie infettive e parassitarie","2012","2012",384,,
"IT","Italia","DEATH","morti","Y55-59","55-59 anni","9","totale","1","alcune malattie infettive e parassitarie","2013","2013",358,,
"IT","Italia","DEATH","morti","Y55-59","55-59 anni","9","totale","1","alcune malattie infettive e parassitarie","2014","2014",400,,
"IT","Italia","DEATH","morti","Y55-59","55-59 anni","9","totale","1","alcune malattie infettive e parassitarie","2015","2015",470,,
"IT","Italia","DEATH","morti","Y55-59","55-59 anni","9","totale","1","alcune malattie infettive e parassitarie","2016","2016",372,,
"IT","Italia","DEATH","morti","Y55-59","55-59 anni","9","totale","1","alcune malattie infettive e parassitarie","2017","2017",365,,
"IT","Italia","DEATH","morti","Y55-59","55-59 anni","9","totale","1","alcune malattie infettive e parassitarie","2018","2018",370,,
"IT","Italia","DEATH","morti","Y55-59","55-59 anni","9","totale","1","alcune malattie infettive e parassitarie","2019","2019",397,,
"IT","Italia","DEATH","morti","Y55-59","55-59 anni","9","totale","2","tumori","2005","2005",9754,,
"IT","Italia","DEATH","morti","Y55-59","55-59 anni","9","totale","2","tumori","2006","2006",9789,,
"IT","Italia","DEATH","morti","Y55-59","55-59 anni","9","totale","2","tumori","2007","2007",9340,,
"IT","Italia","DEATH","morti","Y55-59","55-59 anni","9","totale","2","tumori","2008","2008",9055,,
"IT","Italia","DEATH","morti","Y55-59","55-59 anni","9","totale","2","tumori","2009","2009",8753,,
"IT","Italia","DEATH","morti","Y55-59","55-59 anni","9","totale","2","tumori","2010","2010",8502,,
"IT","Italia","DEATH","morti","Y55-59","55-59 anni","9","totale","2","tumori","2011","2011",8538,,
"IT","Italia","DEATH","morti","Y55-59","55-59 anni","9","totale","2","tumori","2012","2012",8538,,
"IT","Italia","DEATH","morti","Y55-59","55-59 anni","9","totale","2","tumori","2013","2013",8509,,
"IT","Italia","DEATH","morti","Y55-59","55-59 anni","9","totale","2","tumori","2014","2014",8500,,
"IT","Italia","DEATH","morti","Y55-59","55-59 anni","9","totale","2","tumori","2015","2015",8523,,
"IT","Italia","DEATH","morti","Y55-59","55-59 anni","9","totale","2","tumori","2016","2016",8536,,
"IT","Italia","DEATH","morti","Y55-59","55-59 anni","9","totale","2","tumori","2017","2017",8454,,
"IT","Italia","DEATH","morti","Y55-59","55-59 anni","9","totale","2","tumori","2018","2018",8590,,
"IT","Italia","DEATH","morti","Y55-59","55-59 anni","9","totale","2","tumori","2019","2019",8611,,
"IT","Italia","DEATH","morti","Y25-29","25-29 anni","9","totale","17_1_1","di cui accidenti di trasporto","2005","2005",639,,
"IT","Italia","DEATH","morti","Y25-29","25-29 anni","9","totale","17_1_1","di cui accidenti di trasporto","2006","2006",574,,
"IT","Italia","DEATH","morti","Y25-29","25-29 anni","9","totale","17_1_1","di cui accidenti di trasporto","2007","2007",520,,
"IT","Italia","DEATH","morti","Y25-29","25-29 anni","9","totale","17_1_1","di cui accidenti di trasporto","2008","2008",453,,
"IT","Italia","DEATH","morti","Y25-29","25-29 anni","9","totale","17_1_1","di cui accidenti di trasporto","2009","2009",385,,
"IT","Italia","DEATH","morti","Y25-29","25-29 anni","9","totale","17_1_1","di cui accidenti di trasporto","2010","2010",332,,
"IT","Italia","DEATH","morti","Y25-29","25-29 anni","9","totale","17_1_1","di cui accidenti di trasporto","2011","2011",320,,
"IT","Italia","DEATH","morti","Y25-29","25-29 anni","9","totale","17_1_1","di cui accidenti di trasporto","2012","2012",268,,
"IT","Italia","DEATH","morti","Y25-29","25-29 anni","9","totale","17_1_1","di cui accidenti di trasporto","2013","2013",244,,
"IT","Italia","DEATH","morti","Y25-29","25-29 anni","9","totale","17_1_1","di cui accidenti di trasporto","2014","2014",228,,
"IT","Italia","DEATH","morti","Y25-29","25-29 anni","9","totale","17_1_1","di cui accidenti di trasporto","2015","2015",220,,
"IT","Italia","DEATH","morti","Y25-29","25-29 anni","9","totale","17_1_1","di cui accidenti di trasporto","2016","2016",218,,
"IT","Italia","DEATH","morti","Y25-29","25-29 anni","9","totale","17_1_1","di cui accidenti di trasporto","2017","2017",238,,
"IT","Italia","DEATH","morti","Y25-29","25-29 anni","9","totale","17_1_1","di cui accidenti di trasporto","2018","2018",207,,
"IT","Italia","DEATH","morti","Y25-29","25-29 anni","9","totale","17_1_1","di cui accidenti di trasporto","2019","2019",204,,
"IT","Italia","DEATH","morti","Y25-29","25-29 anni","9","totale","2","tumori","2005","2005",301,,
"IT","Italia","DEATH","morti","Y25-29","25-29 anni","9","totale","2","tumori","2006","2006",270,,
"IT","Italia","DEATH","morti","Y25-29","25-29 anni","9","totale","2","tumori","2007","2007",284,,
"IT","Italia","DEATH","morti","Y25-29","25-29 anni","9","totale","2","tumori","2008","2008",243,,
"IT","Italia","DEATH","morti","Y25-29","25-29 anni","9","totale","2","tumori","2009","2009",241,,
"IT","Italia","DEATH","morti","Y25-29","25-29 anni","9","totale","2","tumori","2010","2010",223,,
"IT","Italia","DEATH","morti","Y25-29","25-29 anni","9","totale","2","tumori","2011","2011",206,,
"IT","Italia","DEATH","morti","Y25-29","25-29 anni","9","totale","2","tumori","2012","2012",222,,
"IT","Italia","DEATH","morti","Y25-29","25-29 anni","9","totale","2","tumori","2013","2013",224,,
"IT","Italia","DEATH","morti","Y25-29","25-29 anni","9","totale","2","tumori","2014","2014",219,,
"IT","Italia","DEATH","morti","Y25-29","25-29 anni","9","totale","2","tumori","2015","2015",204,,
"IT","Italia","DEATH","morti","Y25-29","25-29 anni","9","totale","2","tumori","2016","2016",204,,
"IT","Italia","DEATH","morti","Y25-29","25-29 anni","9","totale","2","tumori","2017","2017",158,,
"IT","Italia","DEATH","morti","Y25-29","25-29 anni","9","totale","2","tumori","2018","2018",190,,
"IT","Italia","DEATH","morti","Y25-29","25-29 anni","9","totale","2","tumori","2019","2019",170,,
"IT","Italia","DEATH","morti","Y25-29","25-29 anni","9","totale","7_1","malattie ischemiche del cuore","2005","2005",22,,
"IT","Italia","DEATH","morti","Y25-29","25-29 anni","9","totale","7_1","malattie ischemiche del cuore","2006","2006",20,,
"IT","Italia","DEATH","morti","Y25-29","25-29 anni","9","totale","7_1","malattie ischemiche del cuore","2007","2007",19,,
"IT","Italia","DEATH","morti","Y25-29","25-29 anni","9","totale","7_1","malattie ischemiche del cuore","2008","2008",16,,
"IT","Italia","DEATH","morti","Y25-29","25-29 anni","9","totale","7_1","malattie ischemiche del cuore","2009","2009",17,,
"IT","Italia","DEATH","morti","Y25-29","25-29 anni","9","totale","7_1","malattie ischemiche del cuore","2010","2010",16,,
"IT","Italia","DEATH","morti","Y25-29","25-29 anni","9","totale","7_1","malattie ischemiche del cuore","2011","2011",13,,
"IT","Italia","DEATH","morti","Y25-29","25-29 anni","9","totale","7_1","malattie ischemiche del cuore","2012","2012",13,,
"IT","Italia","DEATH","morti","Y25-29","25-29 anni","9","totale","7_1","malattie ischemiche del cuore","2013","2013",18,,
"IT","Italia","DEATH","morti","Y25-29","25-29 anni","9","totale","7_1","malattie ischemiche del cuore","2014","2014",6,,
"IT","Italia","DEATH","morti","Y25-29","25-29 anni","9","totale","7_1","malattie ischemiche del cuore","2015","2015",11,,
"IT","Italia","DEATH","morti","Y25-29","25-29 anni","9","totale","7_1","malattie ischemiche del cuore","2016","2016",10,,
"IT","Italia","DEATH","morti","Y25-29","25-29 anni","9","totale","7_1","malattie ischemiche del cuore","2017","2017",8,,
"IT","Italia","DEATH","morti","Y25-29","25-29 anni","9","totale","7_1","malattie ischemiche del cuore","2018","2018",16,,
"IT","Italia","DEATH","morti","Y25-29","25-29 anni","9","totale","7_1","malattie ischemiche del cuore","2019","2019",14,,
"IT","Italia","DEATH","morti","Y25-29","25-29 anni","9","totale","1","alcune malattie infettive e parassitarie","2005","2005",34,,
"IT","Italia","DEATH","morti","Y25-29","25-29 anni","9","totale","1","alcune malattie infettive e parassitarie","2006","2006",27,,
"IT","Italia","DEATH","morti","Y25-29","25-29 anni","9","totale","1","alcune malattie infettive e parassitarie","2007","2007",22,,
"IT","Italia","DEATH","morti","Y25-29","25-29 anni","9","totale","1","alcune malattie infettive e parassitarie","2008","2008",30,,
"IT","Italia","DEATH","morti","Y25-29","25-29 anni","9","totale","1","alcune malattie infettive e parassitarie","2009","2009",22,,
"IT","Italia","DEATH","morti","Y25-29","25-29 anni","9","totale","1","alcune malattie infettive e parassitarie","2010","2010",12,,
"IT","Italia","DEATH","morti","Y25-29","25-29 anni","9","totale","1","alcune malattie infettive e parassitarie","2011","2011",16,,
"IT","Italia","DEATH","morti","Y25-29","25-29 anni","9","totale","1","alcune malattie infettive e parassitarie","2012","2012",26,,
"IT","Italia","DEATH","morti","Y25-29","25-29 anni","9","totale","1","alcune malattie infettive e parassitarie","2013","2013",13,,
"IT","Italia","DEATH","morti","Y25-29","25-29 anni","9","totale","1","alcune malattie infettive e parassitarie","2014","2014",21,,
"IT","Italia","DEATH","morti","Y25-29","25-29 anni","9","totale","1","alcune malattie infettive e parassitarie","2015","2015",20,,
"IT","Italia","DEATH","morti","Y25-29","25-29 anni","9","totale","1","alcune malattie infettive e parassitarie","2016","2016",12,,
"IT","Italia","DEATH","morti","Y25-29","25-29 anni","9","totale","1","alcune malattie infettive e parassitarie","2017","2017",18,,
"IT","Italia","DEATH","morti","Y25-29","25-29 anni","9","totale","1","alcune malattie infettive e parassitarie","2018","2018",19,,
"IT","Italia","DEATH","morti","Y25-29","25-29 anni","9","totale","1","alcune malattie infettive e parassitarie","2019","2019",17,,
"IT","Italia","DEATH","morti","Y30-34","30-34 anni","9","totale","7_1","malattie ischemiche del cuore","2005","2005",66,,
"IT","Italia","DEATH","morti","Y30-34","30-34 anni","9","totale","7_1","malattie ischemiche del cuore","2006","2006",65,,
"IT","Italia","DEATH","morti","Y30-34","30-34 anni","9","totale","7_1","malattie ischemiche del cuore","2007","2007",35,,
"IT","Italia","DEATH","morti","Y30-34","30-34 anni","9","totale","7_1","malattie ischemiche del cuore","2008","2008",53,,
"IT","Italia","DEATH","morti","Y30-34","30-34 anni","9","totale","7_1","malattie ischemiche del cuore","2009","2009",58,,
"IT","Italia","DEATH","morti","Y30-34","30-34 anni","9","totale","7_1","malattie ischemiche del cuore","2010","2010",56,,
"IT","Italia","DEATH","morti","Y30-34","30-34 anni","9","totale","7_1","malattie ischemiche del cuore","2011","2011",35,,
"IT","Italia","DEATH","morti","Y30-34","30-34 anni","9","totale","7_1","malattie ischemiche del cuore","2012","2012",43,,
"IT","Italia","DEATH","morti","Y30-34","30-34 anni","9","totale","7_1","malattie ischemiche del cuore","2013","2013",34,,
"IT","Italia","DEATH","morti","Y30-34","30-34 anni","9","totale","7_1","malattie ischemiche del cuore","2014","2014",38,,
"IT","Italia","DEATH","morti","Y30-34","30-34 anni","9","totale","7_1","malattie ischemiche del cuore","2015","2015",43,,
"IT","Italia","DEATH","morti","Y30-34","30-34 anni","9","totale","7_1","malattie ischemiche del cuore","2016","2016",25,,
"IT","Italia","DEATH","morti","Y30-34","30-34 anni","9","totale","7_1","malattie ischemiche del cuore","2017","2017",21,,
"IT","Italia","DEATH","morti","Y30-34","30-34 anni","9","totale","7_1","malattie ischemiche del cuore","2018","2018",28,,
"IT","Italia","DEATH","morti","Y30-34","30-34 anni","9","totale","7_1","malattie ischemiche del cuore","2019","2019",25,,
"IT","Italia","DEATH","morti","Y60-64","60-64 anni","9","totale","2","tumori","2005","2005",13272,,
"IT","Italia","DEATH","morti","Y60-64","60-64 anni","9","totale","2","tumori","2006","2006",13118,,
"IT","Italia","DEATH","morti","Y60-64","60-64 anni","9","totale","2","tumori","2007","2007",13369,,
"IT","Italia","DEATH","morti","Y60-64","60-64 anni","9","totale","2","tumori","2008","2008",13669,,
"IT","Italia","DEATH","morti","Y60-64","60-64 anni","9","totale","2","tumori","2009","2009",13998,,
"IT","Italia","DEATH","morti","Y60-64","60-64 anni","9","totale","2","tumori","2010","2010",13989,,
"IT","Italia","DEATH","morti","Y60-64","60-64 anni","9","totale","2","tumori","2011","2011",13983,,
"IT","Italia","DEATH","morti","Y60-64","60-64 anni","9","totale","2","tumori","2012","2012",13413,,
"IT","Italia","DEATH","morti","Y60-64","60-64 anni","9","totale","2","tumori","2013","2013",12978,,
"IT","Italia","DEATH","morti","Y60-64","60-64 anni","9","totale","2","tumori","2014","2014",12637,,
"IT","Italia","DEATH","morti","Y60-64","60-64 anni","9","totale","2","tumori","2015","2015",12540,,
"IT","Italia","DEATH","morti","Y60-64","60-64 anni","9","totale","2","tumori","2016","2016",12126,,
"IT","Italia","DEATH","morti","Y60-64","60-64 anni","9","totale","2","tumori","2017","2017",12268,,
"IT","Italia","DEATH","morti","Y60-64","60-64 anni","9","totale","2","tumori","2018","2018",12305,,
"IT","Italia","DEATH","morti","Y60-64","60-64 anni","9","totale","2","tumori","2019","2019",11965,,
"IT","Italia","DEATH","morti","Y30-34","30-34 anni","9","totale","1","alcune malattie infettive e parassitarie","2005","2005",83,,
"IT","Italia","DEATH","morti","Y30-34","30-34 anni","9","totale","1","alcune malattie infettive e parassitarie","2006","2006",76,,
"IT","Italia","DEATH","morti","Y30-34","30-34 anni","9","totale","1","alcune malattie infettive e parassitarie","2007","2007",52,,
"IT","Italia","DEATH","morti","Y30-34","30-34 anni","9","totale","1","alcune malattie infettive e parassitarie","2008","2008",56,,
"IT","Italia","DEATH","morti","Y30-34","30-34 anni","9","totale","1","alcune malattie infettive e parassitarie","2009","2009",46,,
"IT","Italia","DEATH","morti","Y30-34","30-34 anni","9","totale","1","alcune malattie infettive e parassitarie","2010","2010",51,,
"IT","Italia","DEATH","morti","Y30-34","30-34 anni","9","totale","1","alcune malattie infettive e parassitarie","2011","2011",27,,
"IT","Italia","DEATH","morti","Y30-34","30-34 anni","9","totale","1","alcune malattie infettive e parassitarie","2012","2012",40,,
"IT","Italia","DEATH","morti","Y30-34","30-34 anni","9","totale","1","alcune malattie infettive e parassitarie","2013","2013",40,,
"IT","Italia","DEATH","morti","Y30-34","30-34 anni","9","totale","1","alcune malattie infettive e parassitarie","2014","2014",39,,
"IT","Italia","DEATH","morti","Y30-34","30-34 anni","9","totale","1","alcune malattie infettive e parassitarie","2015","2015",36,,
"IT","Italia","DEATH","morti","Y30-34","30-34 anni","9","totale","1","alcune malattie infettive e parassitarie","2016","2016",24,,
"IT","Italia","DEATH","morti","Y30-34","30-34 anni","9","totale","1","alcune malattie infettive e parassitarie","2017","2017",25,,
"IT","Italia","DEATH","morti","Y30-34","30-34 anni","9","totale","1","alcune malattie infettive e parassitarie","2018","2018",28,,
"IT","Italia","DEATH","morti","Y30-34","30-34 anni","9","totale","1","alcune malattie infettive e parassitarie","2019","2019",20,,
"IT","Italia","DEATH","morti","Y30-34","30-34 anni","9","totale","2","tumori","2005","2005",507,,
"IT","Italia","DEATH","morti","Y30-34","30-34 anni","9","totale","2","tumori","2006","2006",493,,
"IT","Italia","DEATH","morti","Y30-34","30-34 anni","9","totale","2","tumori","2007","2007",504,,
"IT","Italia","DEATH","morti","Y30-34","30-34 anni","9","totale","2","tumori","2008","2008",518,,
"IT","Italia","DEATH","morti","Y30-34","30-34 anni","9","totale","2","tumori","2009","2009",472,,
"IT","Italia","DEATH","morti","Y30-34","30-34 anni","9","totale","2","tumori","2010","2010",428,,
"IT","Italia","DEATH","morti","Y30-34","30-34 anni","9","totale","2","tumori","2011","2011",462,,
"IT","Italia","DEATH","morti","Y30-34","30-34 anni","9","totale","2","tumori","2012","2012",397,,
"IT","Italia","DEATH","morti","Y30-34","30-34 anni","9","totale","2","tumori","2013","2013",413,,
"IT","Italia","DEATH","morti","Y30-34","30-34 anni","9","totale","2","tumori","2014","2014",357,,
"IT","Italia","DEATH","morti","Y30-34","30-34 anni","9","totale","2","tumori","2015","2015",347,,
"IT","Italia","DEATH","morti","Y30-34","30-34 anni","9","totale","2","tumori","2016","2016",365,,
"IT","Italia","DEATH","morti","Y30-34","30-34 anni","9","totale","2","tumori","2017","2017",342,,
"IT","Italia","DEATH","morti","Y30-34","30-34 anni","9","totale","2","tumori","2018","2018",349,,
"IT","Italia","DEATH","morti","Y30-34","30-34 anni","9","totale","2","tumori","2019","2019",311,,
"IT","Italia","DEATH","morti","Y30-34","30-34 anni","9","totale","17_1_1","di cui accidenti di trasporto","2005","2005",522,,
"IT","Italia","DEATH","morti","Y30-34","30-34 anni","9","totale","17_1_1","di cui accidenti di trasporto","2006","2006",577,,
"IT","Italia","DEATH","morti","Y30-34","30-34 anni","9","totale","17_1_1","di cui accidenti di trasporto","2007","2007",440,,
"IT","Italia","DEATH","morti","Y30-34","30-34 anni","9","totale","17_1_1","di cui accidenti di trasporto","2008","2008",430,,
"IT","Italia","DEATH","morti","Y30-34","30-34 anni","9","totale","17_1_1","di cui accidenti di trasporto","2009","2009",339,,
"IT","Italia","DEATH","morti","Y30-34","30-34 anni","9","totale","17_1_1","di cui accidenti di trasporto","2010","2010",323,,
"IT","Italia","DEATH","morti","Y30-34","30-34 anni","9","totale","17_1_1","di cui accidenti di trasporto","2011","2011",287,,
"IT","Italia","DEATH","morti","Y30-34","30-34 anni","9","totale","17_1_1","di cui accidenti di trasporto","2012","2012",264,,
"IT","Italia","DEATH","morti","Y30-34","30-34 anni","9","totale","17_1_1","di cui accidenti di trasporto","2013","2013",210,,
"IT","Italia","DEATH","morti","Y30-34","30-34 anni","9","totale","17_1_1","di cui accidenti di trasporto","2014","2014",183,,
"IT","Italia","DEATH","morti","Y30-34","30-34 anni","9","totale","17_1_1","di cui accidenti di trasporto","2015","2015",195,,
"IT","Italia","DEATH","morti","Y30-34","30-34 anni","9","totale","17_1_1","di cui accidenti di trasporto","2016","2016",205,,
"IT","Italia","DEATH","morti","Y30-34","30-34 anni","9","totale","17_1_1","di cui accidenti di trasporto","2017","2017",185,,
"IT","Italia","DEATH","morti","Y30-34","30-34 anni","9","totale","17_1_1","di cui accidenti di trasporto","2018","2018",166,,
"IT","Italia","DEATH","morti","Y30-34","30-34 anni","9","totale","17_1_1","di cui accidenti di trasporto","2019","2019",163,,
"IT","Italia","DEATH","morti","Y60-64","60-64 anni","9","totale","1","alcune malattie infettive e parassitarie","2005","2005",381,,
"IT","Italia","DEATH","morti","Y60-64","60-64 anni","9","totale","1","alcune malattie infettive e parassitarie","2006","2006",369,,
"IT","Italia","DEATH","morti","Y60-64","60-64 anni","9","totale","1","alcune malattie infettive e parassitarie","2007","2007",408,,
"IT","Italia","DEATH","morti","Y60-64","60-64 anni","9","totale","1","alcune malattie infettive e parassitarie","2008","2008",358,,
"IT","Italia","DEATH","morti","Y60-64","60-64 anni","9","totale","1","alcune malattie infettive e parassitarie","2009","2009",428,,
"IT","Italia","DEATH","morti","Y60-64","60-64 anni","9","totale","1","alcune malattie infettive e parassitarie","2010","2010",449,,
"IT","Italia","DEATH","morti","Y60-64","60-64 anni","9","totale","1","alcune malattie infettive e parassitarie","2011","2011",452,,
"IT","Italia","DEATH","morti","Y60-64","60-64 anni","9","totale","1","alcune malattie infettive e parassitarie","2012","2012",533,,
"IT","Italia","DEATH","morti","Y60-64","60-64 anni","9","totale","1","alcune malattie infettive e parassitarie","2013","2013",457,,
"IT","Italia","DEATH","morti","Y60-64","60-64 anni","9","totale","1","alcune malattie infettive e parassitarie","2014","2014",443,,
"IT","Italia","DEATH","morti","Y60-64","60-64 anni","9","totale","1","alcune malattie infettive e parassitarie","2015","2015",508,,
"IT","Italia","DEATH","morti","Y60-64","60-64 anni","9","totale","1","alcune malattie infettive e parassitarie","2016","2016",375,,
"IT","Italia","DEATH","morti","Y60-64","60-64 anni","9","totale","1","alcune malattie infettive e parassitarie","2017","2017",373,,
"IT","Italia","DEATH","morti","Y60-64","60-64 anni","9","totale","1","alcune malattie infettive e parassitarie","2018","2018",434,,
"IT","Italia","DEATH","morti","Y60-64","60-64 anni","9","totale","1","alcune malattie infettive e parassitarie","2019","2019",407,,
"IT","Italia","DEATH","morti","Y60-64","60-64 anni","9","totale","17_1_1","di cui accidenti di trasporto","2005","2005",251,,
"IT","Italia","DEATH","morti","Y60-64","60-64 anni","9","totale","17_1_1","di cui accidenti di trasporto","2006","2006",254,,
"IT","Italia","DEATH","morti","Y60-64","60-64 anni","9","totale","17_1_1","di cui accidenti di trasporto","2007","2007",239,,
"IT","Italia","DEATH","morti","Y60-64","60-64 anni","9","totale","17_1_1","di cui accidenti di trasporto","2008","2008",232,,
"IT","Italia","DEATH","morti","Y60-64","60-64 anni","9","totale","17_1_1","di cui accidenti di trasporto","2009","2009",221,,
"IT","Italia","DEATH","morti","Y60-64","60-64 anni","9","totale","17_1_1","di cui accidenti di trasporto","2010","2010",208,,
"IT","Italia","DEATH","morti","Y60-64","60-64 anni","9","totale","17_1_1","di cui accidenti di trasporto","2011","2011",212,,
"IT","Italia","DEATH","morti","Y60-64","60-64 anni","9","totale","17_1_1","di cui accidenti di trasporto","2012","2012",207,,
"IT","Italia","DEATH","morti","Y60-64","60-64 anni","9","totale","17_1_1","di cui accidenti di trasporto","2013","2013",206,,
"IT","Italia","DEATH","morti","Y60-64","60-64 anni","9","totale","17_1_1","di cui accidenti di trasporto","2014","2014",198,,
"IT","Italia","DEATH","morti","Y60-64","60-64 anni","9","totale","17_1_1","di cui accidenti di trasporto","2015","2015",214,,
"IT","Italia","DEATH","morti","Y60-64","60-64 anni","9","totale","17_1_1","di cui accidenti di trasporto","2016","2016",200,,
"IT","Italia","DEATH","morti","Y60-64","60-64 anni","9","totale","17_1_1","di cui accidenti di trasporto","2017","2017",222,,
"IT","Italia","DEATH","morti","Y60-64","60-64 anni","9","totale","17_1_1","di cui accidenti di trasporto","2018","2018",218,,
"IT","Italia","DEATH","morti","Y60-64","60-64 anni","9","totale","17_1_1","di cui accidenti di trasporto","2019","2019",217,,
"IT","Italia","DEATH","morti","Y60-64","60-64 anni","9","totale","7_1","malattie ischemiche del cuore","2005","2005",2663,,
"IT","Italia","DEATH","morti","Y60-64","60-64 anni","9","totale","7_1","malattie ischemiche del cuore","2006","2006",2460,,
"IT","Italia","DEATH","morti","Y60-64","60-64 anni","9","totale","7_1","malattie ischemiche del cuore","2007","2007",2451,,
"IT","Italia","DEATH","morti","Y60-64","60-64 anni","9","totale","7_1","malattie ischemiche del cuore","2008","2008",2536,,
"IT","Italia","DEATH","morti","Y60-64","60-64 anni","9","totale","7_1","malattie ischemiche del cuore","2009","2009",2517,,
"IT","Italia","DEATH","morti","Y60-64","60-64 anni","9","totale","7_1","malattie ischemiche del cuore","2010","2010",2438,,
"IT","Italia","DEATH","morti","Y60-64","60-64 anni","9","totale","7_1","malattie ischemiche del cuore","2011","2011",2545,,
"IT","Italia","DEATH","morti","Y60-64","60-64 anni","9","totale","7_1","malattie ischemiche del cuore","2012","2012",2400,,
"IT","Italia","DEATH","morti","Y60-64","60-64 anni","9","totale","7_1","malattie ischemiche del cuore","2013","2013",2156,,
"IT","Italia","DEATH","morti","Y60-64","60-64 anni","9","totale","7_1","malattie ischemiche del cuore","2014","2014",2084,,
"IT","Italia","DEATH","morti","Y60-64","60-64 anni","9","totale","7_1","malattie ischemiche del cuore","2015","2015",2155,,
"IT","Italia","DEATH","morti","Y60-64","60-64 anni","9","totale","7_1","malattie ischemiche del cuore","2016","2016",2004,,
"IT","Italia","DEATH","morti","Y60-64","60-64 anni","9","totale","7_1","malattie ischemiche del cuore","2017","2017",1972,,
"IT","Italia","DEATH","morti","Y60-64","60-64 anni","9","totale","7_1","malattie ischemiche del cuore","2018","2018",1833,,
"IT","Italia","DEATH","morti","Y60-64","60-64 anni","9","totale","7_1","malattie ischemiche del cuore","2019","2019",1973,,
"IT","Italia","DEATH","morti","Y35-39","35-39 anni","9","totale","1","alcune malattie infettive e parassitarie","2005","2005",219,,
"IT","Italia","DEATH","morti","Y35-39","35-39 anni","9","totale","1","alcune malattie infettive e parassitarie","2006","2006",168,,
"IT","Italia","DEATH","morti","Y35-39","35-39 anni","9","totale","1","alcune malattie infettive e parassitarie","2007","2007",151,,
"IT","Italia","DEATH","morti","Y35-39","35-39 anni","9","totale","1","alcune malattie infettive e parassitarie","2008","2008",128,,
"IT","Italia","DEATH","morti","Y35-39","35-39 anni","9","totale","1","alcune malattie infettive e parassitarie","2009","2009",109,,
"IT","Italia","DEATH","morti","Y35-39","35-39 anni","9","totale","1","alcune malattie infettive e parassitarie","2010","2010",97,,
"IT","Italia","DEATH","morti","Y35-39","35-39 anni","9","totale","1","alcune malattie infettive e parassitarie","2011","2011",108,,
"IT","Italia","DEATH","morti","Y35-39","35-39 anni","9","totale","1","alcune malattie infettive e parassitarie","2012","2012",89,,
"IT","Italia","DEATH","morti","Y35-39","35-39 anni","9","totale","1","alcune malattie infettive e parassitarie","2013","2013",78,,
"IT","Italia","DEATH","morti","Y35-39","35-39 anni","9","totale","1","alcune malattie infettive e parassitarie","2014","2014",70,,
"IT","Italia","DEATH","morti","Y35-39","35-39 anni","9","totale","1","alcune malattie infettive e parassitarie","2015","2015",67,,
"IT","Italia","DEATH","morti","Y35-39","35-39 anni","9","totale","1","alcune malattie infettive e parassitarie","2016","2016",53,,
"IT","Italia","DEATH","morti","Y35-39","35-39 anni","9","totale","1","alcune malattie infettive e parassitarie","2017","2017",51,,
"IT","Italia","DEATH","morti","Y35-39","35-39 anni","9","totale","1","alcune malattie infettive e parassitarie","2018","2018",59,,
"IT","Italia","DEATH","morti","Y35-39","35-39 anni","9","totale","1","alcune malattie infettive e parassitarie","2019","2019",42,,
"IT","Italia","DEATH","morti","Y35-39","35-39 anni","9","totale","7_1","malattie ischemiche del cuore","2005","2005",141,,
"IT","Italia","DEATH","morti","Y35-39","35-39 anni","9","totale","7_1","malattie ischemiche del cuore","2006","2006",149,,
"IT","Italia","DEATH","morti","Y35-39","35-39 anni","9","totale","7_1","malattie ischemiche del cuore","2007","2007",143,,
"IT","Italia","DEATH","morti","Y35-39","35-39 anni","9","totale","7_1","malattie ischemiche del cuore","2008","2008",156,,
"IT","Italia","DEATH","morti","Y35-39","35-39 anni","9","totale","7_1","malattie ischemiche del cuore","2009","2009",150,,
"IT","Italia","DEATH","morti","Y35-39","35-39 anni","9","totale","7_1","malattie ischemiche del cuore","2010","2010",131,,
"IT","Italia","DEATH","morti","Y35-39","35-39 anni","9","totale","7_1","malattie ischemiche del cuore","2011","2011",109,,
"IT","Italia","DEATH","morti","Y35-39","35-39 anni","9","totale","7_1","malattie ischemiche del cuore","2012","2012",106,,
"IT","Italia","DEATH","morti","Y35-39","35-39 anni","9","totale","7_1","malattie ischemiche del cuore","2013","2013",104,,
"IT","Italia","DEATH","morti","Y35-39","35-39 anni","9","totale","7_1","malattie ischemiche del cuore","2014","2014",98,,
"IT","Italia","DEATH","morti","Y35-39","35-39 anni","9","totale","7_1","malattie ischemiche del cuore","2015","2015",102,,
"IT","Italia","DEATH","morti","Y35-39","35-39 anni","9","totale","7_1","malattie ischemiche del cuore","2016","2016",89,,
"IT","Italia","DEATH","morti","Y35-39","35-39 anni","9","totale","7_1","malattie ischemiche del cuore","2017","2017",76,,
"IT","Italia","DEATH","morti","Y35-39","35-39 anni","9","totale","7_1","malattie ischemiche del cuore","2018","2018",55,,
"IT","Italia","DEATH","morti","Y35-39","35-39 anni","9","totale","7_1","malattie ischemiche del cuore","2019","2019",75,,
"IT","Italia","DEATH","morti","Y35-39","35-39 anni","9","totale","2","tumori","2005","2005",1021,,
"IT","Italia","DEATH","morti","Y35-39","35-39 anni","9","totale","2","tumori","2006","2006",1004,,
"IT","Italia","DEATH","morti","Y35-39","35-39 anni","9","totale","2","tumori","2007","2007",1023,,
"IT","Italia","DEATH","morti","Y35-39","35-39 anni","9","totale","2","tumori","2008","2008",1000,,
"IT","Italia","DEATH","morti","Y35-39","35-39 anni","9","totale","2","tumori","2009","2009",905,,
"IT","Italia","DEATH","morti","Y35-39","35-39 anni","9","totale","2","tumori","2010","2010",915,,
"IT","Italia","DEATH","morti","Y35-39","35-39 anni","9","totale","2","tumori","2011","2011",872,,
"IT","Italia","DEATH","morti","Y35-39","35-39 anni","9","totale","2","tumori","2012","2012",956,,
"IT","Italia","DEATH","morti","Y35-39","35-39 anni","9","totale","2","tumori","2013","2013",869,,
"IT","Italia","DEATH","morti","Y35-39","35-39 anni","9","totale","2","tumori","2014","2014",845,,
"IT","Italia","DEATH","morti","Y35-39","35-39 anni","9","totale","2","tumori","2015","2015",777,,
"IT","Italia","DEATH","morti","Y35-39","35-39 anni","9","totale","2","tumori","2016","2016",737,,
"IT","Italia","DEATH","morti","Y35-39","35-39 anni","9","totale","2","tumori","2017","2017",663,,
"IT","Italia","DEATH","morti","Y35-39","35-39 anni","9","totale","2","tumori","2018","2018",661,,
"IT","Italia","DEATH","morti","Y35-39","35-39 anni","9","totale","2","tumori","2019","2019",658,,
"IT","Italia","DEATH","morti","Y35-39","35-39 anni","9","totale","17_1_1","di cui accidenti di trasporto","2005","2005",419,,
"IT","Italia","DEATH","morti","Y35-39","35-39 anni","9","totale","17_1_1","di cui accidenti di trasporto","2006","2006",429,,
"IT","Italia","DEATH","morti","Y35-39","35-39 anni","9","totale","17_1_1","di cui accidenti di trasporto","2007","2007",392,,
"IT","Italia","DEATH","morti","Y35-39","35-39 anni","9","totale","17_1_1","di cui accidenti di trasporto","2008","2008",384,,
"IT","Italia","DEATH","morti","Y35-39","35-39 anni","9","totale","17_1_1","di cui accidenti di trasporto","2009","2009",348,,
"IT","Italia","DEATH","morti","Y35-39","35-39 anni","9","totale","17_1_1","di cui accidenti di trasporto","2010","2010",307,,
"IT","Italia","DEATH","morti","Y35-39","35-39 anni","9","totale","17_1_1","di cui accidenti di trasporto","2011","2011",323,,
"IT","Italia","DEATH","morti","Y35-39","35-39 anni","9","totale","17_1_1","di cui accidenti di trasporto","2012","2012",280,,
"IT","Italia","DEATH","morti","Y35-39","35-39 anni","9","totale","17_1_1","di cui accidenti di trasporto","2013","2013",214,,
"IT","Italia","DEATH","morti","Y35-39","35-39 anni","9","totale","17_1_1","di cui accidenti di trasporto","2014","2014",218,,
"IT","Italia","DEATH","morti","Y35-39","35-39 anni","9","totale","17_1_1","di cui accidenti di trasporto","2015","2015",203,,
"IT","Italia","DEATH","morti","Y35-39","35-39 anni","9","totale","17_1_1","di cui accidenti di trasporto","2016","2016",193,,
"IT","Italia","DEATH","morti","Y35-39","35-39 anni","9","totale","17_1_1","di cui accidenti di trasporto","2017","2017",202,,
"IT","Italia","DEATH","morti","Y35-39","35-39 anni","9","totale","17_1_1","di cui accidenti di trasporto","2018","2018",184,,
"IT","Italia","DEATH","morti","Y35-39","35-39 anni","9","totale","17_1_1","di cui accidenti di trasporto","2019","2019",183,,
